COMUNA;DC;NOM_DISTRITO
1101;1;PUERTO
1101;2;BARRIO INDUSTRIAL
1101;3;HOSPITAL
1101;4;CAUPOLICÁN
1101;5;PLAYA BRAVA
1101;6;CAVANCHA
1101;7;PARQUE BALMACEDA
1101;8;ARTURO PRAT
1101;9;PUNTA LOBOS
1101;10;GOMEZ CARREÑO
1101;11;LA TIRANA
1107;1;AUTÓDROMO
1107;2;ALTO HOSPICIO
1107;3;SANTA ROSA
1107;4;PAMPA DEL MOLLE
1401;1;POZO ALMONTE
1401;2;MAMIÑA
1401;3;LA TIRANA
1401;5;GUATACONDO
1401;6;LAGUNAS
1401;7;BUENAVENTURA
1402;1;CAMIÑA
1403;1;ISLUGA
1403;2;CARIQUIMA
1403;3;PUCHULDIZA
1403;4;CAICO
1404;1;HUARA
1404;2;TARAPACÁ
1404;3;GUAVIÑA
1404;4;PISAGUA
1404;5;TANA
1404;6;MIÑIMIÑE
1404;7;CHIAPA
1404;8;SOGA
1405;1;PICA
1405;2;SALAR DE COPOSA
1405;3;CANCOSA
1405;4;SALAR DEL HUASCO
2101;1;LA CHIMBA
2101;2;PORTALES
2101;3;BARRIO INDUSTRIAL
2101;4;ARTURO PRAT
2101;5;MIRAMAR
2101;6;COMERCIO
2101;7;RESIDENCIAL
2101;8;ESTADIO REGIONAL
2101;9;HUANCHACA
2101;10;COLOSO
2101;11;MANTOS BLANCOS
2101;12;AGUAS BLANCAS
2101;13;SALAR PUNTA NEGRA
2101;14;HUAMACHUCO
2101;15;IRARRÁZAVAL
2101;16;PEDRO AGUIRRE CERDA
2101;17;OSCAR BONILLA
2101;18;SALAR DEL CARMEN
2102;1;MEJILLONES
2102;2;CALETA LOS HORNOS
2103;1;PAMPA UNIÓN
2103;2;BOQUETE
2103;3;BAQUEDANO
2103;4;SALINAS
2104;1;EL PUERTO
2104;2;FERROCARRIL
2104;3;LA CALETA
2104;4;PAPOSO
2104;5;SANTA LUISA
2104;7;CATALINA
2104;8;GUANACO
2104;9;QUEBRADA DEL JUNCAL
2201;1;CALAMA
2201;2;CHUQUICAMATA
2201;3;VOLCÁN MIÑO
2201;5;REGIMIENTO
2201;6;CEMENTERIO
2201;7;BERNARDO O'HIGGINS
2201;8;JAVIERA CARRERA
2201;9;CHACABUCO
2201;10;MANUEL RODRÍGUEZ
2201;11;MAIPÚ
2201;12;INDEPENDENCIA
2201;13;CHIUCHIU
2201;14;AEROPUERTO EL LOA
2201;15;CASPANA
2202;1;OLLAGÜE
2202;2;ASCOTÁN
2203;1;SAN PEDRO DE ATACAMA
2203;2;TOCONAO
2203;3;SOCAIRE
2301;1;COMERCIO
2301;2;HOSPITAL
2301;3;GUACHÁN
2301;4;BARRILES
2301;5;GATICO
2301;6;ESTACIÓN
2302;1;QUILLAGUA
2302;3;TOCO
2302;4;MARÍA ELENA
2302;5;FRANCISCO VERGARA
2302;6;PEDRO DE VALDIVIA
3101;1;SALAS
3101;2;INFANTE
3101;3;LETELIER
3101;4;PLAZA
3101;5;MÁQUINA DEL PUENTE
3101;6;CERRO
3101;7;REGIMIENTO
3101;8;LOS AROMOS
3101;9;CEMENTERIO
3101;10;CANDELERO
3101;11;UNIVERSIDAD
3101;12;TOLEDO
3101;13;CASTILLA
3101;14;CERRO BLANCO
3101;15;PUNTA DE DÍAZ
3101;16;VIÑITA
3101;17;MONTE AMARGO
3101;18;CARRERA PINTO
3101;19;PUQUIOS
3101;20;SAN MIGUEL
3101;21;PUNTA NEGRA
3101;22;TOTORAL
3101;23;ELEUTERIO RAMÍREZ
3101;24;DIEGO DE ALMAGRO
3102;1;CALDERA
3102;2;TOTORALILLO
3102;3;PUERTO VIEJO
3102;4;TOTORAL
3103;1;TIERRA AMARILLA
3103;2;LOMAS BAYAS
3103;3;LA JUNTA
3103;4;SAN ANTONIO
3103;5;LOS LOROS
3103;6;BORDOS
3103;7;PABELLÓN
3201;1;CHAÑARAL
3201;2;SALADO
3201;3;FLAMENCO
3202;1;DIEGO DE ALMAGRO
3202;2;SALVADOR
3202;3;POTRERILLOS
3202;4;INCA DE ORO
3301;1;SARGENTO ALDEA
3301;2;O'HIGGINS
3301;3;LIBERTAD
3301;4;HERMANOS CARRERA
3301;5;LOS CANALES
3301;6;EL ZAPALLO
3301;7;VIZCACHITAS
3301;8;DOMEYKO
3301;9;LAS VENTANAS
3301;10;ALGARROBAL
3301;11;LAS CUÑAS
3301;12;IMPERIAL
3301;13;INCAGUASI
3301;15;CAMARONES
3302;1;ALTO DEL CARMEN
3302;2;LA MARQUESA
3302;3;EL TRÁNSITO
3302;4;CONAY
3302;5;LA PAMPA
3302;6;LA HIGUERITA
3302;7;SAN FÉLIX
3302;8;LA MAJADA
3302;9;RETAMO
3302;10;EL CORRAL
3302;11;ALGODÓN
3302;12;SIERRA CATALINA
3303;1;CAPOTE
3303;2;FREIRINA
3303;3;QUEBRADITA
3303;4;CARRIZALILLO
3304;1;HUASCO
3304;2;CARRIZAL
4101;1;INTENDENCIA
4101;2;MERCADO
4101;3;FRANCISCO DE AGUIRRE
4101;4;LAS VEGAS
4101;5;LA PAMPA
4101;6;LA FLORIDA
4101;7;ALGARROBITO
4101;8;PORVENIR
4101;9;LAS ROJAS
4101;10;ROMERO
4101;11;CONDORIACO
4101;12;ALMIRANTE LATORRE
4101;13;ISLÓN
4101;14;LA COMPAÑÍA
4101;15;UNIVERSIDAD
4101;16;LA COMPAÑÍA ALTA
4101;17;EL OLIVAR
4102;1;ADUANA
4102;2;LORD COCHRANE
4102;3;BUEN PASTOR
4102;4;BAQUEDANO
4102;5;CANTERA
4102;6;PAN DE AZÚCAR
4102;7;CERRILLOS
4102;8;LA HERRADURA
4102;9;ESTACIÓN
4102;10;EL PEÑÓN
4102;11;TAMBILLOS
4102;12;LAS CARDAS
4102;13;CAMARONES
4102;14;EL TANGUE
4102;15;TONGOY
4102;16;GUANAQUEROS
4102;17;TIERRAS BLANCAS
4102;18;LAS ROSAS
4103;1;ANDACOLLO
4103;2;CORRAL QUEMADO
4103;3;MAITENCILLO
4103;4;LA CALDERA
4104;1;LA HIGUERA
4104;2;QUEBRADA HONDA
4104;3;EL TOFO
4104;4;CRUZ GRANDE
4104;5;LOS CHOROS
4104;6;EL TRAPICHE
4104;7;TRES CRUCES
4104;8;PUNTA COLORADA
4104;9;EL TORNO
4105;1;PAIGUANO
4105;2;LA QUEBRADA
4105;3;LA BAJADA
4105;4;QUEBRADA DE PINTO
4105;5;MONTE GRANDE
4105;6;ALCOGUÁS
4105;7;PISCO ELQUI
4105;8;JARILLAS
4106;1;VICUÑA NORTE
4106;2;VICUÑA SUR
4106;3;SAN ISIDRO
4106;4;DIAGUITAS
4106;5;PERALILLO
4106;6;EL TAMBO
4106;7;ALGODONES
4106;8;EL ARRAYÁN
4106;9;EL MOLLE
4106;10;MARQUESA
4106;11;GUALLIGUAICA
4106;12;RIVADAVIA
4106;13;VARILLAR
4106;15;GUANTA
4201;1;CIUDAD ORIENTE
4201;2;CIUDAD PONIENTE
4201;3;QUILLAICILLO
4201;4;TUNGA NORTE
4201;5;PLAN DE HORNOS
4201;6;HACIENDA ILLAPEL
4201;7;LIMAHUIDA
4201;8;CHOAPA
4201;9;CUZCUZ
4201;10;TUNGA SUR
4201;11;CHILLÁN
4201;12;SANTA VIRGINIA
4202;1;MINCHA
4202;2;QUELÓN
4202;3;HUENTELAUQUÉN SUR
4202;4;HUENTELAUQUÉN NORTE
4202;5;PUERTO OSCURO
4202;6;LAS PALMAS
4202;7;ESPÍRITU SANTO
4202;8;CHILCAL
4202;9;COLIGÜE
4202;10;LOS POZOS
4202;11;CANELA ALTA
4202;12;CANELA BAJA
4202;13;AGUA FRÍA
4202;14;ATELCURA
4203;1;LOS VILOS
4203;2;LAS VACAS
4203;3;CAIMANES
4203;4;TILAMA
4203;5;LOS CÓNDORES
4203;6;GUANGALÍ
4203;7;QUILIMARÍ
4203;8;CHIGUALOCO
4204;1;SALAMANCA
4204;2;CHALINGA
4204;3;TEBAL
4204;4;ARBOLEDA GRANDE
4204;5;CUNLAGUA
4204;6;SAN AGUSTÍN
4204;7;SANTA ROSA
4204;8;LLIMPO
4204;9;CHILLEPÍN
4204;10;CUNCUMÉN
4204;11;TRANQUILLA
4204;12;COIRÓN
4204;13;QUELÉN
4204;14;TAMBO
4204;15;TAHUINCO
4204;16;CHICHIÑI
4204;17;HIGUERILLA
4301;1;FERROCARRIL
4301;2;PLAZA DE ARMAS
4301;3;MIRADOR
4301;4;LA CHIMBA
4301;5;LIMARÍ
4301;6;TALHUÉN
4301;7;EL INGENIO
4301;8;LAGUNILLAS
4301;9;ANGOSTURA
4301;10;HIGUERITAS
4301;11;PANULCILLO
4301;12;PEJERREYES
4301;13;ALGARROBO
4301;14;GUAMALATA
4301;15;SAMO BAJO
4301;16;SOTAQUÍ
4301;17;LA PALOMA
4301;18;GUALLILLINGA
4301;19;LA TORRE
4301;20;LAS SOSSAS
4301;21;CERRILLOS
4301;22;ORURO
4301;23;FRAY JORGE
4301;24;PACHINGO
4301;25;EL COBRE
4301;26;BARRAZA
4301;27;CAMARICO
4301;28;CHALINGA
4301;29;LOS CANELOS
4301;30;HORNILLOS
4301;31;PEÑA BLANCA
4301;32;LOS LOROS
4301;33;SOCOS
4302;1;CIUDAD ORIENTE
4302;2;CIUDAD PONIENTE
4302;3;SORUCO
4302;4;QUILITAPIA
4302;5;EL SAUCE
4302;6;LA LIGUA
4302;7;COGOTÍ
4302;8;CHÉPICA
4302;9;VALLE HERMOSO
4302;10;PAMA
4302;11;HUILMO
4302;12;SAN MARCOS
4302;13;EL MAITÉN
4302;14;LITIPAMPA
4302;15;RAMADILLA
4303;1;MONTE PATRIA
4303;2;JUNTAS
4303;3;CAMPANARIO
4303;4;CERRILLOS
4303;5;RAPEL
4303;6;LAS MOLLACAS
4303;7;EL MAQUI
4303;8;PEDREGAL
4303;9;LAS RAMADAS
4303;10;TULAHUÉN
4303;11;CARÉN
4303;12;COLLIGUAY
4303;13;SEMITA
4303;14;CHILECITO
4303;15;MIALQUI
4303;16;MAL PASO
4303;17;PALQUI
4303;18;GUATULAME
4303;19;GUANILLAS
4303;20;SAN LORENZO
4303;21;CHAÑARAL ALTO
4303;22;LOS MORALES
4304;1;PUNITAQUI
4304;2;EL ALTAR
4304;3;LLANO DE LA LAJA
4304;4;CAMARICO VIEJO
4304;5;SAN PEDRO DE QUILES
4304;6;PARRAL
4305;1;LAS BREAS
4305;2;CACHACOS
4305;3;SAMO ALTO
4305;4;PICHASCA
4305;5;FUNDINA
4305;6;SERÓN
4305;7;HURTADO
4305;8;CHAÑAR
4305;9;TABAQUEROS
4305;10;EL ROMERAL
5101;1;POBLACIONES PLAYA ANCHA
5101;2;PLAYA ANCHA
5101;3;CERRO SANTO DOMINGO
5101;4;PUERTO
5101;5;CERRO CORDILLERA
5101;6;CERRO ALEGRE
5101;7;COMERCIO
5101;8;CERRO CÁRCEL
5101;9;CERRO BELLAVISTA
5101;10;CERRO LA FLORIDA
5101;11;PLAZA VICTORIA
5101;12;ALMENDRAL
5101;13;CERRO LA CRUZ
5101;14;CERRO LAS CAÑAS
5101;15;CERRO LA MERCED
5101;16;CERRO LAS RAMADITAS
5101;17;WADDINGTON
5101;18;BARÓN
5101;19;LOS PLACERES
5101;20;LAS ZORRAS
5101;21;PLACILLA
5101;22;PEÑUELAS
5101;23;QUEBRADA VERDE
5101;24;SAN FÉLIX Y SAN AMBROSIO
5101;25;QUEBRADA PHILLIPPI
5101;26;SANTOS OSSA
5102;1;CASABLANCA
5102;2;TAPIHUE
5102;3;LA VINILLA
5102;4;LO ORREGO
5102;5;LAGUNILLAS
5102;6;VALLE HERMOSO
5102;7;SAN JERÓNIMO
5102;8;LAS DICHAS
5102;9;TUNQUÉN
5102;10;QUINTAY
5102;11;PITAMA
5102;12;LO OROZCO
5102;13;LO OVALLE
5103;1;CONCÓN
5103;2;REFINERÍA
5104;1;JUAN FERNÁNDEZ
5105;1;PLACILLA DE PUCHUNCAVÍ
5105;2;LA LAGUNA
5105;3;LA CANELA
5105;4;SAN ANTONIO
5105;5;PUCALÁN
5105;6;LAS MELOSILLAS
5105;7;LOS MAITENES
5105;8;CAMPICHE
5107;1;QUINTERO
5107;2;VALLE ALEGRE
5107;3;DUMUÑO
5109;1;CASTILLO
5109;2;CASINO
5109;3;MAGALHAES
5109;4;REÑACA
5109;5;ACHUPALLAS
5109;6;OLIVAR
5109;7;CHORRILLOS
5109;8;VERGARA
5109;9;REFINERÍA
5109;10;ÁLVAREZ
5109;11;RECREO
5109;12;GÓMEZ CARREÑO
5109;13;SANTA INÉS
5109;14;GLORIAS NAVALES
5109;15;MIRAFLORES
5109;16;PABLO NERUDA
5109;17;REÑACA ALTO
5109;18;QUINTA VERGARA
5109;19;FORESTAL
5109;20;VILLA MONTES
5109;21;RECREO ALTO
5201;1;HANGA ROA
5201;2;VAITEA
5301;1;LA FERIA
5301;2;LABERINTO
5301;3;ESTACIÓN
5301;4;EL SAUCE
5301;5;RÍO BLANCO
5301;6;CHACABUCO
5302;1;TABOLANGO
5302;2;EL PATAGUAL
5302;3;SAN VICENTE
5302;4;POCURO
5302;5;EL GUINDAL
5303;1;CARACOLES
5303;2;LOS PLACERES
5303;3;VALLE ALEGRE
5303;4;CASUTO
5304;1;LA ERMITA
5304;2;SAN REGIS
5304;3;LO CALVO
5304;4;CAMPOS DE AHUMADA
5304;5;SAN FRANCISCO
5304;6;RÍO COLORADO
5304;7;CARIÑO BOTADO
5304;8;LA FLORIDA
5304;9;LAS JUNTAS
5401;1;LA LIGUA NORTE
5401;2;LA LIGUA SUR
5401;3;QUEBRADILLA
5401;4;LA HIGUERA
5401;5;PLACILLA
5401;6;PUEBLO DE ROCO
5401;7;CASAS VIEJAS DE LONGOTOMA
5401;8;HUAQUÉN
5401;9;LOS MOLLES
5401;10;LOS HORNOS
5401;11;TRAPICHE
5401;12;LA ENGORDA
5401;13;PUEBLO DE VARAS
5402;1;ARTIFICIO
5402;2;EL INGENIO
5402;3;PEÑABLANCA
5402;4;EL QUEMADO
5402;5;CABILDO
5402;6;EL CARTUCHO
5402;7;SAN LORENZO
5402;8;LA MORA
5402;9;HOSPITAL
5402;10;EL CRUCERO
5402;11;CASAS DE ALICAHUE
5402;12;LOS PERALES
5402;13;PITIPEUMO
5402;14;GUAYACÁN
5403;1;PAPUDO
5403;2;PULLALLI
5404;1;EL PEDERNAL
5404;2;CHALACO
5404;3;EL SOBRANTE
5404;4;CHINCOLCO
5404;5;PETORCA ORIENTE
5404;6;PETORCA PONIENTE
5404;7;HIERRO VIEJO
5404;8;PEDEGUA
5404;9;LAS PALMAS
5405;1;ZAPALLAR
5405;2;CACHAGUA
5405;3;SAN ALFONSO
5405;4;CATAPILCO
5405;5;BLANQUILLO
5501;1;EL TEATRO
5501;2;AVENIDA VALPARAÍSO
5501;3;MAYACA
5501;4;CANCHA SANTA ANA
5501;5;LA TETERA
5501;6;LA PALMA
5501;7;SAN PEDRO
5501;8;LA CAPILLA
5501;9;MAUCO
5501;10;RAUTÉN
5501;11;BOCO
5501;12;O'HIGGINS
5501;13;LO VARELA
5502;1;EL PEÑÓN
5502;2;LAS CABRITAS
5502;3;ARTIFICIO
5502;4;PACHACAMA
5502;5;LAUTARO
5503;1;CONCHALÍ
5503;2;SAN ANTONIO
5503;3;COQUIMBITO
5503;4;ROMERAL
5503;5;OCOA
5504;1;LA CRUZ
5504;2;LO ROJAS
5504;3;LA PALMILLA
5504;4;POCOCHAY
5504;5;CHARRABATA
5506;1;NOGALES
5506;2;PUCALÁN
5506;3;EL MELÓN
5506;4;EL COBRE
5506;5;LA PEÑA
5601;1;SAN ANTONIO
5601;2;LEYDA
5601;3;CUNCUMÉN
5601;4;LLOLLEO
5601;5;BARRANCAS
5601;6;LO GALLARDO
5602;1;ALGARROBO
5602;2;SAN JOSÉ
5602;3;LA PEÑA
5603;1;CARTAGENA
5603;2;LAS PALMAS
5603;3;EL ROSARIO
5604;1;EL QUISCO
5605;1;EL TABO
5605;2;LAS CRUCES
5606;1;SANTO DOMINGO
5606;2;EL CONVENTO
5606;3;YALI
5701;1;CARMEN
5701;2;LA ESCUADRA
5701;3;LOS GRANEROS
5701;4;QUILPUÉ
5701;5;ALMENDRAL
5701;6;SAN RAFAEL
5701;7;CURIMÓN
5701;8;TIERRAS BLANCAS
5701;9;BELLAVISTA
5701;10;EL ASIENTO
5702;1;CATEMU
5702;2;LAS VACAS
5702;3;LOS CERRILLOS
5702;4;ÑILHUE
5702;5;SAN JOSÉ
5702;6;CHAGRES
5703;1;LLAILLAY
5703;2;LAS VEGAS
5703;3;LAS MAZAS
5703;4;LOS LOROS
5704;1;LO CAMPO
5704;2;SAN ROQUE
5704;3;PANQUEHUE
5704;4;PALOMAR
5705;1;PUTAENDO
5705;2;RINCONADA DE SILVA
5705;3;LAS COIMAS
5705;4;QUEBRADA DE HERRERA
5705;5;EL MANZANO
5705;6;PIGUCHÉN
5705;7;LO VICUÑA
5706;1;SANTA MARÍA
5706;2;JAHUEL
5706;3;SAN JOSÉ
5706;4;EL AJÍ
5706;5;SAN FERNANDO
5706;6;EL PINO
5801;1;EL RETIRO
5801;2;BELLOTO SUR
5801;3;LOS PERALES
5801;4;COLLIGUAY
5801;5;LOS YUYOS
5801;6;LOS QUILLAYES
5801;7;LAS PALMAS
5801;8;VALENCIA
5801;9;EL SAUCE
5801;10;BELLOTO NORTE
5801;11;MENA
5801;12;ALTO QUILPUÉ
5802;1;HIPÓDROMO
5802;2;LA TRINIDAD
5802;3;LO CHAPARRO
5802;4;LOS MAITENES
5802;5;URMENETA
5802;6;FERROCARRIL
5802;7;LIMACHITO
5802;8;TABOLANGO
5803;1;OLMUÉ
5803;2;GRANIZO
5803;3;QUEBRADA ALVARADO
5803;4;PELUMPÉN
5803;5;LA DORMIDA
5804;1;MUNICIPALIDAD
5804;2;VILLA ALEMANA NORTE
5804;3;MANUEL MONTT
5804;4;SANATORIO
5804;5;JOSÉ MIGUEL CARRERA
5804;6;QUEBRADA ESCOBARES
5804;7;MOSCOSO
5804;8;SAN ENRIQUE
6101;1;INTENDENCIA
6101;2;ESTACIÓN
6101;3;CEMENTERIO
6101;4;REGIMIENTO
6101;5;ESTADIO
6101;6;CENTENARIIO
6101;7;LA CAPILLA
6101;8;SAN PEDRO
6101;9;LA GAMBOINA
6101;10;LOS QUILOS
6101;11;SANTA LEONOR
6101;12;EL CARMEN
6101;13;PRIMAVERA
6101;14;PUNTA DE CORTÉS
6101;15;LA FERIA
6101;16;MEDIALUNA
6101;17;RUTA CINCO SUR
6101;18;LA MORANINA
6102;1;CODEGUA
6102;2;TUNCA
6102;3;LA LEONERA
6103;1;COPEQUÉN
6103;2;COINCO
6103;3;CHILLEHUE
6103;4;RULO
6104;1;COLTAUCO
6104;2;IDAHUE
6104;3;IDAHUILLO
6104;4;PARRAL
6104;5;LO DE CUEVAS
6104;6;MONTE GRANDE
6104;7;ALMENDRO
6104;8;PARRAL DE PURÉN
6105;1;DOÑIHUE
6105;2;EL MOLINO
6105;3;ESPERANZA
6105;4;LO MIRANDA
6106;1;GRANEROS
6106;2;LA COMPAÑÍA
6106;3;LAS HIGUERAS
6106;4;TUNICHE
6107;1;LAS CABRAS
6107;2;LLALLAUQUÉN
6107;3;EL MANZANO
6107;4;COCALÁN
6107;5;SANTA INÉS
6107;6;QUILAMUTA
6107;7;SALTO DEL AGUA
6107;8;SAN JULIA
6107;9;EL DURAZNO
6107;10;PALMERÍA
6108;1;SAN JOAQUÍN
6108;2;MACHALÍ
6108;3;LA POBLACIÓN
6108;4;CALETONES
6108;6;EL PANGAL
6108;7;COYA
6108;8;LOS PERALES
6108;9;SAUZAL
6109;1;SAL SI PUEDES
6109;2;PELEQUÉN
6109;3;MALLOA
6109;4;PANQUEHUE
6109;5;CORCOLÉN
6109;6;CANTARRANA
6109;7;RIGOLEMO
6109;8;LIMAHUE
6110;1;SAN FRANCISCO
6110;2;ANGOSTURA
6110;3;PEUCO
6110;4;LA PUNTA
6111;1;GULTRO
6111;2;OLIVAR ALTO
6111;3;OLIVAR BAJO
6112;1;PEUMO
6112;2;GULUTRÉN
6112;3;CODAO
6112;4;LA ROSA
6113;1;PICHIDEGUA
6113;2;ALMAHUE VIEJO
6113;3;ALMAHUE
6113;4;TOCO
6113;5;LAS PATAGUAS
6113;6;SAN JOSÉ DE MARCHIHUE
6113;7;EL CALEUCHE
6114;1;QUINTA DE TILCOCO
6114;2;GUACARHUE
6114;3;ESTACADA DE ARRIBA
6114;4;CARRIZAL
6115;1;CÓBIL
6115;2;CHAPETÓN
6115;3;MALAMBO
6115;4;CÉSARES
6115;5;POPETA
6115;6;CHANQUEAHUE
6115;7;LO DE LOBO
6115;8;ROSARIO
6115;9;APALTA
6115;10;ROSARIO PONIENTE
6115;11;ESMERALDA
6116;1;REQUÍNOA
6116;2;EL RINCÓN
6116;3;LOS LIRIOS
6116;4;CAUQUENES
6116;5;PICHIGUAO
6116;6;CHUMACO
6117;1;SAN VICENTE
6117;2;REQUEGUA
6117;3;RASTROJOS
6117;4;RINCONADA
6117;5;TAGUATAGUA
6117;6;LA LAGUNA
6117;7;LAS CRUCES
6117;8;BARRERA
6117;9;PENCAHUE
6117;10;TUNCA
6117;11;TOQUIGUA
6117;12;ZÚÑIGA
6201;1;PICHILEMU
6201;2;SAN ANTONIO DE PETREL
6201;3;CARDONAL
6201;4;EL MAQUI
6201;5;EL GUINDO
6201;6;RODEILLO
6202;1;LA ESTRELLA
6202;2;SAN RAFAEL
6202;3;SAN MIGUEL DE LOS LLANOS
6202;4;LA AGUADA
6203;1;LITUECHE
6203;2;SAN VICENTE
6203;3;PULÍN
6203;4;CARTAGENA
6203;5;HIDANGO
6203;6;LAGUNA TOPOCALMA
6203;7;CENTRAL RAPEL
6204;1;MARCHIHUE
6204;2;ALCONES
6204;3;MARCHANT
6205;1;RAPEL
6205;2;LICANCHEO
6205;3;NAVIDAD
6205;4;PUPUYA
6205;5;TUMÁN
6206;1;PAREDONES
6206;2;BUCALEMU
6206;3;CABECERAS
6206;4;QUILLAY
6206;5;SAN PEDRO DE ALCÁNTARA
6301;1;MUNICIPALIDAD
6301;2;ANGOSTURA
6301;3;ROMA
6301;4;EL NARANJAL
6301;5;PEDEHUE
6301;6;TALCAREHUE
6301;7;ANTIVERO
6301;8;AGUA BUENA
6301;9;ISLA DE BRIONES
6301;10;SIERRAS DE BELLAVISTA
6301;11;LOS RULOS
6301;12;ESTACIÓN
6301;13;MATADERO
6302;1;CHÉPICA
6302;2;PAREDONES DE AUQUINCO
6302;3;ALMENDRAL
6302;4;LAS PALMAS
6302;5;RINCONADAS
6303;1;CHIMBARONGO
6303;2;CUESTA DE GONZALÉZ
6303;3;CARRIZAL
6303;4;PIDIHUINCO
6303;5;PEOR ES NADA
6303;6;LA MERCED
6303;7;CONVENTO VIEJO
6303;8;TINGUIRIRICA
6303;9;TRES PUENTES
6303;10;LAS MARIPOSAS
6303;11;EL ROMERAL
6303;12;LA CHIPANA
6304;1;LOLOL
6304;2;NERQUIHUE
6304;3;LOS TRICAHUES
6304;4;RÁNGUIL
6305;1;NANCAGUA
6305;2;YÁQUIL
6305;3;CHACARILLAS
6305;4;PUQUILLAY
6305;5;CUNACO
6305;6;SAN JOSÉ DE TORO
6306;1;PALMILLA
6306;2;COLCHAGUA
6306;3;HUIQUE
6306;4;RINCONADA DE PALMILLA
6306;5;SANTA IRENE
6307;1;PERALILLO
6307;2;POBLACIÓN
6307;3;CALLEUQUE
6307;4;MOLINERO
6308;1;PLACILLA
6308;2;CALABOZO
6308;3;MANANTIALES
6308;4;LA DEHESA
6309;1;PUMANQUE
6309;2;RANQUILHUE
6309;3;NILAHUE CORNEJO
6309;4;NILAHUE
6309;5;RETO
6310;1;SANTA CRUZ
6310;2;CAPELLANÍA
6310;3;PATAGÜILLA
6310;4;PANAMÁ
6310;5;YÁQUIL
6310;6;LA ISLA
6310;7;BARREALES
6310;8;PANIAHUE
6310;9;APALTA
6310;10;EL GUINDO
7101;1;PLAZA DE ARMAS
7101;2;ESTACIÓN
7101;3;CANCHA RAYADA
7101;4;HOSPITAL
7101;5;ABATE MOLINA
7101;6;MIRADOR
7101;7;COOPERATIVA
7101;8;ESTADIO FISCAL
7101;9;HUILLIBORGOA
7101;10;PANGUILEMO
7101;11;HUILQUILEMU
7101;12;SAN MIGUEL
7101;13;LA FLORIDA
7101;14;LIRCAY
7101;15;PALMIRA
7101;16;ORIENTE
7102;1;PLAZA DE ARMAS
7102;2;MAGUILLÍN
7102;3;ESTACIÓN
7102;4;PUTÚ
7102;5;PICHAMÁN
7102;6;EL MELLICO
7102;7;LOS PELLINES
7103;1;CUREPTO
7103;2;CALPÚN
7103;3;CONSTANTUÉ
7103;4;HUENCHULLAMÍ
7103;5;COIPUÉ
7103;6;GUALLECO
7103;7;TABUNCO
7103;8;MANZANO
7103;9;RAPILERMO
7103;10;GUAQUÉN
7103;11;HORNILLOS
7104;1;EMPEDRADO
7104;2;PROVOSTE
7104;3;LOS MANZANOS
7104;4;PUICO
7104;5;RELOCA
7105;1;MAULE
7105;2;MINAS
7105;3;QUERQUEL
7105;4;COLÍN
7105;5;UNIHUE
7105;6;CHACARILLAS
7105;7;DUAO
7105;8;QUIÑEPEUMO
7106;1;PELARCO
7106;2;SANTA RITA
7106;3;HUENCUECHO
7107;1;PENCAHUE
7107;2;CORINTO
7107;3;ESTERO
7107;4;TANGUAO
7107;5;BATUCO
7107;6;LITÚ
7107;7;LA AGUADA
7108;1;CUMPEO
7108;2;MONTE DE GUAJARDO
7108;3;CAMARICO
7108;4;FRUTILLAR
7108;5;PEÑAFLOR
7108;6;MAITENES
7109;1;SAN CLEMENTE
7109;2;RAMADILLAS
7109;3;SANTA ELENA
7109;4;PEUMO NEGRO
7109;5;BAJOS DE LIRCAY
7109;6;PICAZO
7109;7;RINCÓN
7109;8;VILCHES
7109;9;CURILLINQUE
7109;10;CERRO COLORADO
7109;11;MAITENES
7109;12;CHEQUÉN
7109;13;MARIPOSAS
7109;14;LOS MONTES
7110;1;SAN RAFAEL
7110;2;PANGUE
7201;1;PLAZA DE ARMAS
7201;2;REGIMIENTO
7201;3;ARTURO PRAT
7201;4;INDEPENDENCIA
7201;5;LOS ESTANQUES
7201;6;BARRIO ESTACIÓN
7201;7;EL BOLDO
7201;8;CARACOL
7201;9;PEDERNALES
7201;10;SAUZAL
7201;11;QUELLA
7201;12;POCILLAS
7201;13;SAN ANTONIO
7201;14;SAN MANUEL
7201;15;CORONEL DEL MAULE
7201;16;PILLÉN
7201;17;LAS GARZAS
7201;18;UNIHUE
7202;1;CHANCO NORTE
7202;2;DOLLIMBUTA
7202;3;PINOTALCA
7202;4;BATUCO
7202;5;PERALILLO
7202;6;CHANCO SUR
7203;1;PELLUHUE
7203;2;CURANIPE
7203;3;CHOVELLÉN
7301;1;PLAZA DE ARMAS
7301;2;HOSPICIO
7301;3;CERRO CONDELL
7301;4;CEMENTERIO
7301;5;CONVENTO VIEJO
7301;6;TUTUQUÉN
7301;7;BARROS NEGROS
7301;8;LOS GUINDOS
7301;9;SARMIENTO
7301;10;RAUQUÉN
7301;11;ZAPALLAR
7301;12;LA OBRA
7301;13;CHEQUENLEMO
7301;14;UPEO
7301;15;POTRERO GRANDE
7301;16;LA QUEBRADA
7301;17;LOS NICHES
7301;18;LICANTÉN
7302;1;HUALAÑÉ
7302;2;PATACÓN
7302;3;CAONE
7302;4;LA HUERTA
7303;1;LICANTÉN
7303;2;COQUIMBO
7303;3;ILOCA
7304;1;MOLINA
7304;2;ESTACIÓN
7304;3;ITAHUE
7304;4;LONTUÉ
7304;5;PICHINGAL
7304;6;RÍO CLARO
7304;7;TRALUÑÉ
7304;8;YACAL
7304;9;AGUA FRÍA
7304;10;CHACAYES
7305;1;RAUCO
7305;2;EL VALLE
7305;3;PALQUIBUDI
7305;4;PARRÓN
7306;1;ROMERAL
7306;2;HUAICO
7306;3;CALABOZO
7306;4;LAGUNA DE TENO
7306;5;LA HUERTA
7307;1;SAGRADA FAMILIA
7307;2;TRAPICHE
7307;3;LO VALDIVIA
7307;4;REQUINGUA
7307;5;CULENAR
7307;6;GUAICUTÉN
7307;7;VILLA PRAT
7307;8;LOS QUILLAYES
7307;9;COLÍN
7308;1;TENO
7308;2;PUNTA DEL MONTE
7308;3;COMALLE
7308;4;CERRILLO
7308;5;LAS LIRAS
7308;6;MANZANO
7308;7;LA LAGUNA
7309;1;VICHUQUÉN
7309;2;LLICO
7309;3;ZAPALLAR
7309;4;TILCURA
7401;1;PLAZA DE ARMAS
7401;2;HOSPICIO
7401;3;LLANCANAO
7401;4;YUNGAY
7401;5;PALMILLA
7401;6;EL ROSARIO
7401;7;MARÍA AUXILIADORA
7401;8;SAN ANTONIO
7401;9;LLEPO
7401;10;VEGAS DE ANCOA
7401;11;MAICA
7402;1;COLBÚN
7402;2;BASÁEZ
7402;3;COLBÚN ALTO
7402;4;MELADO
7402;5;RABONES
7402;6;RARI
7402;7;CAPILLA PALACIOS
7402;8;PANIMÁVIDA
7402;9;SAN JOSÉ
7403;1;LONGAVÍ
7403;2;RINCÓN DE ZÚÑIGA
7403;3;BODEGA
7403;4;LA AGUADA
7403;5;MESAMÁVIDA
7403;6;LOS CRISTALES
7403;7;EL TRÁNSITO
7403;8;LATIGUILLO
7403;9;LOMA DE VÁSQUEZ
7403;10;QUINTA SUR
7404;1;PLAZA
7404;2;HOSPITAL
7404;3;ESTADIO
7404;4;LOS CARDOS
7404;5;VIÑA DEL MAR
7404;6;PALMA ROSA
7404;7;QUINCHAMÁVIDA
7404;8;MONTE FLOR
7404;9;LAS HORTENSIAS
7404;10;ISLA PENCAHUE
7404;11;HUENUTIL
7404;12;BULLILEO
7404;13;LOS CANELOS
7404;14;CANUCALQUI
7405;1;RETIRO
7405;2;PIGUCHÉN
7405;3;COPIHUE
7405;4;VILLASECA
7405;5;LOS NABOS
7405;6;LAS CAMELIAS
7405;7;LOS ROBLES
7406;1;PLAZA
7406;2;CEMENTERIO
7406;3;JUNTAS VIEJAS
7406;4;CHANQUICÓ
7406;5;SANTA CECILIA
7406;6;CABRERÍA
7406;7;BOBADILLA
7406;8;VAQUERÍA
7406;9;VILLAVICENCIO
7406;10;MELOZAL
7406;11;CALIBORO
7406;12;LA HUERTA
7406;13;CODELLIMA
7406;14;NIVIRILO
7406;15;EL VALLE
7407;1;VILLA ALEGRE
7407;2;GUARACULÉN
7407;3;REYES
7407;4;PATAGUAS
7407;5;COIBUNGO
7407;6;PUTAGÁN
7408;1;YERBAS BUENAS
7408;2;QUILIPÍN
7408;3;ABRÁNQUIL
7408;4;RINCÓN DE ABRÁNQUIL
7408;5;SANTA ELENA
7408;6;SANTA ANA DE QUERI
7408;7;PEÑUELAS
8101;1;INTENDENCIA
8101;2;LICEO DE HOMBRES
8101;3;LA CÁRCEL
8101;4;PLAZA ESPAÑA
8101;5;ESTACIÓN CENTRAL
8101;6;CERRO AMARILLO
8101;7;PLAZA CRUZ
8101;8;CEMENTERIO
8101;9;LAGUNA REDONDA
8101;10;PAJONAL
8101;11;MANUEL RODRÍGUEZ
8101;12;ESCUELA ARGENTINA
8101;13;GENERAL CRUZ
8101;14;ESTACIÓN TUCAPEL
8101;15;LO MÉNDEZ
8101;16;LA TOMA
8101;17;LA PÓLVORA
8101;18;ANDALIÉN
8101;19;POBLACIÓN BAQUEDANO
8101;20;PLAZA CONDELL
8101;21;HOSPITAL
8101;22;PLAZA PERÚ
8101;23;PUCHACAY
8101;24;OBSERVATORIO
8101;25;LARENAS
8101;26;PEDRO DE VALDIVIA
8101;27;BILBAO
8101;28;PALOMARES
8101;29;RANCHO GRANDE
8101;30;CHAIMÁVIDA
8101;31;LAS ULLOAS
8101;32;LO PEQUÉN
8102;1;MUNICIPALIDAD
8102;2;VILLA MORA
8102;3;SCHWAGER
8102;4;BUEN RETIRO
8102;5;EL CALABOZO
8102;6;EL MANZANO
8102;7;EL PATAGUAL
8102;8;CORCOVADO
8102;9;PLAYA NEGRA
8102;10;SANTA MARÍA
8102;11;ESCUADRÓN
8103;1;LONCO
8103;2;MATADERO
8103;3;FÁBRICA
8103;4;CHIGUAYANTE
8103;5;LA LEONERA
8103;6;AGUA POTABLE
8104;1;FLORIDA
8104;2;DANQUILCO
8104;3;SAN ANTONIO DE DADI
8104;4;COPIULEMU
8104;5;JUAN CHICO
8104;6;CASABLANCA
8105;1;HUALQUI
8105;2;EL ÁGUILA
8105;3;CHAUQUELÍ
8105;4;AGUA LARGA
8105;5;MILLAHUE
8105;6;QUINQUIBUENO
8105;7;VEGAS DE DIUCA
8105;8;TALCAMÁVIDA
8105;9;QUILACOYA
8105;10;SAN ONOFRE
8106;1;LOTA ALTO
8106;2;BANNEN
8106;3;LOTA BAJO
8106;4;CEMENTERIO
8106;5;COLCURA
8106;6;CHIVILINGO
8107;1;PENCO
8107;2;FÁBRICA
8107;3;LIRQUÉN
8107;4;LAS PATAGUAS
8107;5;MARGARITAS
8107;6;ANDALIÉN
8108;1;BATRO
8108;2;BOCA SUR
8108;3;LOS ACACIOS
8108;4;SAN PEDRO
8108;5;LOMAS COLORADAS
8108;6;LOS PINARES
8109;1;SANTA JUANA
8109;2;TRICAUCO
8109;3;TANAHUILLÍN
8109;4;CURAMÁVIDA
8109;5;COLICO
8109;6;PASO HONDO
8109;7;SAN JERÓNIMO
8109;8;ESPIGADO
8109;9;AGUA DEL ORO
8109;10;VAQUERÍA
8109;11;PALIHUE
8110;1;EL PORTÓN
8110;2;VALDIVIESO
8110;3;CERRO FUENTES
8110;4;LA ADUANA
8110;5;CERRO BUENAVISTA
8110;6;TUMBES
8110;7;ISLA QUIRIQUINA
8110;8;SAN VICENTE
8110;9;ESTADIO
8110;10;HUACHIPATO
8110;11;ESTADIO HIGUERAS
8110;12;SAN MIGUEL
8110;13;EL ARENAL
8110;14;CARRIEL
8110;15;LAS SALINAS
8110;16;BARRANQUILLA
8110;17;ZUNICO
8111;1;EL PUERTO
8111;2;RALIHUE
8111;3;EL MORRO
8111;4;COLIUMO
8111;5;DICHATO
8111;6;PUDÁ
8111;7;RAFAEL
8111;8;CONUCO
8111;9;SAN ANTONIO
8111;10;CORONEY
8111;11;PUNTA DE PARRA
8112;1;RAMUNTCHO
8112;2;HUALPENCILLO
8112;3;CIUDAD DEL NIÑO
8112;4;CLUB HÍPICO
8112;5;BREMEN
8112;6;CERRO VERDE
8201;1;LEBU PONIENTE
8201;2;MILLONHUE
8201;3;RÁNQUIL
8201;5;LOS CAMBUCHOS
8201;6;PEHUÉN
8201;7;MORGUILLA
8201;8;SANTA ROSA
8201;9;ISLA MOCHA
8201;10;LEBU ORIENTE
8202;1;LARAQUETE
8202;2;CARAMPANGUE
8202;3;RAMADILLAS
8202;4;ARAUCO
8202;5;LOS ÑANCOS
8202;6;CARIPILÚN
8202;7;TUBUL
8202;8;LAVAPIÉ
8202;9;QUIAPO
8203;1;CAÑETE
8203;2;EL REPOSO
8203;3;LOURDES
8203;4;PILIMPILLI
8203;5;BUTAMALAL
8203;6;CAYUCUPIL
8203;7;PELECO
8203;8;LLONCAO
8203;9;LLENQUEHUE
8203;10;LANALHUE
8203;11;POCUNO
8203;12;ANTIQUINA
8204;1;CONTULMO
8204;2;HUILLINCO
8204;3;MAHUILQUE
8204;4;ELICURA
8205;1;CURANILAHUE
8205;2;PLEGARIAS
8205;3;LOS RÍOS
8205;4;SAN JOSÉ DE COLICO
8205;5;COLICO SUR
8205;6;COLICO
8205;7;MUNDO NUEVO
8205;8;CIFUENTES
8205;9;LAS QUEMAS
8206;1;LOS ÁLAMOS
8206;2;PILPILCO
8206;3;CARAMÁVIDA
8206;4;TRES PINOS
8206;5;PANGUE
8207;1;TRANAQUEPE
8207;2;QUIDICO
8207;3;TIRÚA
8207;4;TIRÚA SUR
8301;1;MERCADO
8301;2;PLAZA BRASIL
8301;3;PLAZA PINTO
8301;4;ESTACIÓN ARRAYÁN
8301;5;VIRQUENCO
8301;6;QUILQUE
8301;7;LAS VEGAS
8301;8;LOS GUANACOS
8301;9;PARAGUAY
8301;10;CERRO COLORADO
8301;11;HUMÁN
8301;12;CHACAYAL
8301;13;EL PERAL
8301;14;CUÑIBAL
8301;15;SAN CARLOS DE PURÉN
8301;16;SAN JOSÉ
8301;17;PAILLIHUE
8301;18;EL MORRO
8301;19;SANTA FÉ
8301;20;AVENIDA MAIPÚ
8301;21;SOR VICENTA
8302;1;ANTUCO
8302;2;CENTRAL EL TORO
8302;4;PUERTO NUEVO
8303;1;CABRERO
8303;2;CHARRÚA
8303;3;CHILLANCITO
8303;4;MONTE ÁGUILA
8303;5;CASAS DE RÍO CLARO
8304;1;LAJA NORTE
8304;2;PEÑA BLANCA
8304;3;LOS QUILALES
8304;4;EL DESAGÜE
8304;5;LAJA SUR
8305;1;MULCHÉN ORIENTE
8305;2;MULCHÉN PONIENTE
8305;3;MUNILQUE
8305;4;PILE
8305;8;EL MORRO
8305;9;PEÑAS VERDES
8305;10;SANTA MÓNICA
8305;11;MANQUECUEL
8305;12;PILHUÉN
8305;13;ESTACIÓN
8305;14;LAPITO
8305;15;RAPELCO
8306;1;NACIMIENTO
8306;2;PICHÚN
8306;3;CHOROICO
8306;4;QUILQUILCO
8306;5;LIUCURA
8306;6;ESTACIÓN
8306;7;DOLLINCO
8307;1;NEGRETE
8307;2;COIHUE
8307;3;RIHUE
8308;1;QUILACO
8308;2;QUILAPALO
8308;3;RUCALHUE
8308;4;LONCOPANGUE
8309;1;QUILLECO
8309;2;CURICHE
8309;3;CANTERAS
8309;4;VILLA MERCEDES
8309;5;MILEO
8309;6;CAÑICURA
8310;1;SAN ROSENDO
8310;2;BUENURAQUI
8310;3;TURQUÍA
8311;1;SANTA BÁRBARA
8311;2;MAÑIL
8311;3;VILLUCURA
8311;4;SALTO EL PERRO
8311;5;QUILLAILEO
8311;6;SAN LORENZO
8311;7;HUEQUECURA
8311;8;MININCO
8312;1;TUCAPEL
8312;2;HUÉPIL
8312;3;RUCAMANQUI
8312;4;POLCURA
8312;5;TRUPÁN
8313;1;YUMBEL
8313;2;ESTACIÓN
8313;3;LA AGUADA
8313;4;SAN CRISTÓBAL
8313;5;RERE
8313;6;TRAIGUÉN
8313;7;LUCAY
8313;8;CHOIHUE
8313;9;TOMECO
8314;1;QUEUCO
8314;2;CHAQUILVÍN
8314;3;PANGUE
8314;4;ALTO BÍOBÍO
16101;1;PLAZA DE ARMAS
16101;2;MERCADO
16101;3;ESTADIO
16101;4;CHILLÁN
16101;5;CEMENTERIO
16101;6;EL GUAPE
16101;7;LOS GUINDOS
16101;8;CONFLUENCIA
16101;9;SANTA PATRICIA
16101;10;RINCONADA DE CATO
16101;11;LLUANCO
16101;12;BOYÉN
16101;13;ESCUELA DE AGRONOMÍA
16101;14;PUENTE ÑUBLE
16101;15;SAN BERNARDO
16101;16;VICUÑA MACKENNA
16101;17;CARDENAL CARO
16102;1;BULNES
16102;2;EL ROBLE
16102;3;LIBUY
16102;4;SANTA CLARA
16102;5;PUEBLO SECO
16102;6;LOS TILOS
16102;7;BULNES CHICO
16102;8;RINCONADA DE COLTÓN
16202;1;BUCHUPUREO
16202;2;COBQUECURA
16202;3;TAUCÚ
16202;4;COLMUYAO
16202;5;POTREROS DEL REY
16203;1;COELEMU
16203;2;RANGUELMO
16203;3;EL CALABOZO
16203;4;VEGAS DE ITATA
16302;1;COIHUECO
16302;2;RANQUILILAHUE
16302;3;LOS GUINDOS
16302;4;COIHUECO PONIENTE
16302;5;RELBUNCO
16302;6;TIERRA BLANCA
16302;7;SANTA GERTRUDIS
16302;8;MOGOTILLO
16302;9;LAS MINAS DEL PRADO
16302;10;BUSTAMANTE
16302;11;NAHUELTORO
16302;12;CHACAYAL
16103;1;LOMAS BLANCAS
16103;2;RUCAPEQUÉN
16103;3;LLOLLINCO
16103;4;CHILLÁN VIEJO
16103;5;QUILMO
16104;1;EL CARMEN
16104;2;RINCONADA
16104;3;MAIPO
16104;4;TEMUCOTILLO
16104;5;TREGUALEMU
16104;6;PALOS BLANCOS
16104;7;ISLA DE SAN VICENTE
16204;1;SAN JOSÉ
16204;2;NINHUE
16204;3;SAN FRANCISCO
16204;4;LLOHUÉ
16303;1;SAN GREGORIO
16303;2;SAN VICENTE
16303;3;TIUQUILEMU
16303;4;ÑIQUÉN
16303;5;LA FLOR DE ÑIQUÉN
16303;6;BELÉN
16105;1;PEMUCO
16105;2;SAN LUÍS DE PALPAL
16105;3;CARTAGO
16105;4;EL CIPRÉS
16105;5;QUILAMÁN CHICO
16105;6;CULENCO
16105;7;VALLE HERMOSO
16105;8;ESTACIÓN GENERAL CRUZ
16105;9;CHEQUENES
16106;1;PINTO
16106;2;PINCURA
16106;3;TESTAMENTADURÍA
16106;4;TRELLENCAS
16106;5;RECINTO
16106;6;ATACALCO
16205;1;PORTEZUELO
16205;2;LLAHUECUY
16205;3;ORILLA DE ITATA
16107;1;QUILLÓN
16107;2;CERRO NEGRO
16107;3;PASO HONDO
16107;4;QUEIME
16107;5;BULLUQUÍN
16107;6;COYANCO
16201;1;QUIRIHUE
16201;2;SAN JUAN DE DIOS
16201;3;MANQUIMILIÚ
16201;4;CURIMAQUI
16201;5;HUEDQUE
16201;6;CHIRIPA
16206;1;ÑIPAS
16206;2;CAPILLA DE RÁNQUIL
16206;3;SAN IGNACIO DE PALOMARES
16301;1;CEMENTERIO
16301;2;PLAZA DE ARMAS
16301;3;MEDIALUNA
16301;4;SAN CARLOS DE PONIENTE
16301;5;COCHARCAS
16301;6;QUILELTO
16301;7;MONTE BLANCO
16301;8;CACHAPOAL
16301;9;LAS ARBOLEDAS
16301;10;AGUA BUENA
16301;11;BULI
16301;12;MILLAUQUÉN
16301;13;TOQUIGUA
16301;14;COLOMÁVIDA
16304;1;LOS MONOS
16304;2;TRABUNCURA
16304;3;SAN FABIÁN DE ALICO
16304;4;LARA
16304;5;EL ROBLE GUACHO
16108;1;SAN IGNACIO
16108;2;MONTENEGRO
16108;3;SAN MIGUEL
16108;4;VEGAS DE SANTA JUANA
16108;5;QUIRIQUINA
16108;6;PUEBLO SECO
16305;1;QUILLAHUE
16305;2;SAN NICOLÁS
16305;3;MARAVILLA
16305;4;VERQUICÓ
16305;5;MONTE LEÓN
16305;6;DADINCO
16305;7;ESTERO CUCHA
16207;1;QUILPOLEMU
16207;2;TREGUACO
16207;3;DENECÁN
16109;1;YUNGAY
16109;2;EL PEDREGAL
16109;3;CHOLGUÁN GRANDE
16109;4;LAS CRUCES
16109;5;EL AVELLANO
16109;6;COLONIA SANTA LUCÍA
16109;7;ENTRE RÍOS
16109;8;CURAPASO
16109;9;CAMPANARIO
16109;10;PANGAL DEL LAJA
9101;1;CENTRO
9101;2;ESTADIO MUNICIPAL
9101;3;AMANECER
9101;4;SANTA ELENA
9101;5;SANTA ROSA
9101;6;PUEBLO NUEVO
9101;7;ÑIELOL
9101;8;LANÍN
9101;9;AVENIDA ALEMANIA
9101;10;LABRANZA
9101;11;TROMÉN
9101;12;SAN CARLOS
9101;13;DEILLE
9101;14;RALUNCOYÁN
9101;15;BOLLECO
9101;16;CAUPOLICAN
9101;17;UNIVERSIDAD
9101;18;JAVIERA CARRERA
9101;19;ESTERO COIHUECO
9102;1;MUNICIPALIDAD
9102;2;CEMENTERIO
9102;3;CATRIPULLI
9102;4;BUTACO
9102;5;NEHUENTUÉ
9102;6;LONCOLLAMO
9102;7;YUPEHUE
9102;8;TROVOLHUE
9102;9;EL PERAL
9102;10;LAS ARAUCARIAS
9102;11;EL MANZANAR
9102;12;BUTALÓN
9103;1;MUNICIPALIDAD
9103;2;NAHUELCURA
9103;3;VILLA GARCÍA
9103;4;CURACALCO
9103;5;COLICO ORIENTE
9103;6;COLICO PONIENTE
9103;7;RAYÉN LAFQUÉN
9103;8;CARILAFQUÉN
9103;9;LAS HORTENSIAS
9103;10;LOS LAURELES
9103;11;HUICHAHUE
9103;12;CAIVICO
9103;13;LAGO ESPEJO
9104;1;CURARREHUE
9104;2;REIGOLIL
9105;1;FREIRE
9105;2;QUEPE
9105;3;LA SELVA
9105;4;RADAL
9105;5;COIPUÉ
9105;6;SANTA ANA
9105;7;CHUCAUCO
9105;8;HUILÍO
9105;9;CATRIPULLI
9106;1;GALVARINO
9106;2;ÑIELOL
9106;3;HUIMPIL
9106;4;CURACO
9106;5;LLUFQUENTUÉ
9106;6;ÑILPE
9106;7;REPOCURA
9106;8;LOS TEMOS
9106;9;PELLAHUENCO
9107;1;GORBEA PONIENTE
9107;2;GORBEA ORIENTE
9107;3;CUARTA FAJA
9107;4;HUELLANTO
9107;5;QUITRATUÉ
9107;6;CHAINAL
9107;7;LASTARRIA
9107;8;MANTAHUE
9107;9;BOTACURA
9108;1;MUNICIPALIDAD
9108;2;LAS ARAUCARIAS
9108;3;REGIMIENTO
9108;4;CEMENTERIO
9108;5;ESTACIÓN PISCÍCOLA
9108;6;CHEUQUEPÁN
9108;7;DOLLINCO
9108;8;LOS PRADOS
9108;9;BAYONA
9108;10;CHEUQUEL
9108;11;PILLANLELBÚN
9108;12;PUMALAL
9108;13;COLONIA LAUTARO
9108;14;MUCOCHUREO
9109;1;LONCOCHE ORIENTE
9109;2;LONCOCHE PONIENTE
9109;3;LA PAZ
9109;4;NILCAHUÍN
9109;5;PIDENCO
9109;6;AFQUINTUÉ
9109;7;NANCAHUE
9109;8;HUISCAPI
9109;9;CHESQUE
9109;10;HUIÑOCO
9109;11;CHANLELFÚN
9110;1;MELIPEUCO
9110;2;SANTA MARÍA DE LLAIMA
9111;1;PLAZA
9111;2;ESTACIÓN
9111;3;GUALACURA
9111;4;LOS HUERTOS
9111;5;MAÑÍO
9111;6;RANQUILCO
9111;7;CHACAMO
9111;8;CHIVILCOYÁN
9111;9;ESTACIÓN BOROA
9111;10;BOROA
9111;11;ALMAGRO
9112;1;MOLCO
9112;2;ÑIRRIMAPU
9112;3;MAQUEHUE
9112;4;PADRE LAS CASAS
9112;5;AILLACARA
9112;6;COLLAHUE
9112;7;ROBLE GUACHO
9112;8;METRENCO
9112;9;MILLAHUECO
9112;10;TRUFTRUF
9113;1;PERQUENCO
9113;2;QUILLÉN
9113;3;PARLAMENTO
9113;4;REHUECOYÁN
9114;1;PITRUFQUÉN ORIENTE
9114;2;PITRUFQUÉN PONIENTE
9114;3;NUEVA ETRURIA
9114;4;COMUY
9114;5;QUILQUILCO
9114;6;MILLAHUÍN
9114;7;POLUL
9115;1;LA PENÍNSULA
9115;2;CEMENTERIO
9115;3;CABURGUA
9115;4;COILACO
9115;5;PALGUÍN
9115;6;TERMAS DE RÍO BLANCO
9116;1;PUERTO SAAVEDRA
9116;2;OÑOICO
9116;3;PUERTO DOMÍNGUEZ
9116;4;BUDI
9117;1;QUILMER
9117;2;PUCOLÓN
9117;3;HUILÍO
9117;4;BARROS ARANA
9117;5;TEODORO SCHMIDT
9117;6;CHELLE
9117;7;GUALPÍN
9117;8;PORMA
9118;1;TOLTÉN
9118;2;QUEULE
9118;3;VILLA LOS BOLDOS
9118;4;PUMALAL
9118;5;ULTRA BOLDO
9118;6;COLONIA SAN JORGE
9118;7;BOROA
9119;1;VILCÚN
9119;2;SAN PATRICIO
9119;3;CHERQUENCO
9119;4;QUINTRILPE
9119;5;GENERAL LÓPEZ
9119;6;CURACO
9119;7;PRADOS DE MENDOZA
9119;8;METO
9119;9;ALAMBRADO
9119;10;CAJÓN
9119;11;NIÁGARA
9120;1;PLAZA
9120;2;PLAYA PUCARÁ
9120;3;ESTACIÓN
9120;4;LOCOTRARO
9120;5;CONQUIL
9120;6;LICÁN RAY
9120;7;CHESQUE
9120;8;RELÚN
9120;9;VOIPIR
9120;10;PEDREGOSO
9120;11;HUILIPILÚN PONIENTE
9120;12;HUILIPILÚN ORIENTE
9121;1;REPOCURA
9121;2;CHOLCHOL
9121;3;CARIRRIÑE
9121;4;TRANAHUILLÍN
9121;5;RAPAHUE
9201;1;CENTRO
9201;2;HOSPITAL
9201;3;EL CAÑÓN
9201;4;EL ROSARIO
9201;5;AGUA FRÍA
9201;6;CHANLEO
9201;7;LOS ALPES
9201;8;MAITENREHUE
9201;9;SAN RAFAEL
9201;10;ITRAQUE
9201;11;LOLENCO
9201;12;COLONIA MANUEL RODRÍGUEZ
9201;13;HUEQUÉN
9201;14;LEALTAD
9201;15;ESTACIÓN
9201;16;REGIMIENTO
9202;1;CHIGUAIHUE
9202;2;CEMENTERIO
9202;3;MUNICIPALIDAD
9202;4;LOLENCO
9202;5;NIZA
9202;6;ESPERANZA
9202;7;ÑANCO
9202;8;CURACO
9202;9;MALLECO
9202;10;SAN ANDRÉS
9202;11;JAUJA
9202;12;ENTRE RÍOS
9202;13;CANADÁ
9203;1;MUNICIPALIDAD
9203;2;ESTACIÓN
9203;3;RARIRRUCA
9203;4;TOLGUACA
9203;5;PIDENCO
9203;6;MANZANAR
9203;7;MALALCAHUELLO
9203;8;HUEÑIVALES
9203;9;CAPTRÉN
9203;10;SANTA JULIA
9204;1;ERCILLA
9204;2;HUEQUÉN
9204;3;PAILAHUEQUE
9204;4;TEMOCUICUI
9204;5;PIDIMA
9205;1;LONQUIMAY
9205;2;CONTRACO
9205;3;RÁNQUIL
9205;4;RAHUE
9205;5;MITRANQUÉN
9205;6;LIUCURA
9205;7;RÍO PEDREGOSO
9205;8;ICALMA
9206;1;MUNICIPALIDAD
9206;2;ROMULHUECO
9206;3;JUAN TRINTRE
9206;4;PELEHUE
9206;5;SAN LUÍS
9206;6;SANTA ROSA
9206;7;CENTENARIO
9206;8;SAN RAMÓN
9206;9;LA VILLA
9207;1;LUMACO
9207;2;QUETRAHUE
9207;3;REÑICO
9207;4;CHANCO
9207;5;PICHIPELLAHUÉN
9207;6;MADIHUE
9207;7;LA HERRADURA
9207;8;CALCOI
9207;9;RELÚN
9207;10;CAPITÁN PASTENE
9208;1;MUNICIPALIDAD
9208;2;CEMENTERIO
9208;3;IPINCO
9208;4;COYANCAHUÍN
9208;5;PINGUIDAHUE
9208;6;MANZANAL
9209;1;RENAICO
9209;2;ROBLERÍA
9209;3;MININCO
9209;4;COIHUECO
9210;1;MUNICIPALIDAD
9210;2;GUACOLDA
9210;3;CORONEL URRUTIA
9210;4;MALALHUE
9210;5;HOSPITAL
9210;6;LAS OBRAS
9210;7;TRICAUCO
9210;8;LA COLMENA
9210;9;CHUFQUÉN
9210;10;HUIÑILHUE
9210;11;NAHUELVÁN
9210;12;QUILQUÉN
9210;13;QUECHEREGUAS
9210;14;ANIÑIR
9211;1;MUNICIPALIDAD
9211;2;MOLINO
9211;3;RÍO TRAIGUÉN
9211;4;HOSPITAL
9211;5;VICTORIA SUR
9211;6;QUILQUILCO
9211;7;ROSARIO
9211;8;SAN GREGORIO
9211;9;PEHUENCO
9211;10;SANTA TERESA
9211;11;SELVA OSCURA
9211;12;SANTA ANA
9211;13;CULLINCO
9211;14;PÚA
9211;15;QUINO
9211;16;MANZANACO
9211;17;MARÍA ESTER
9211;18;ADENCUL
9211;19;DUMO
10101;1;ESTACIÓN
10101;2;ALGELMÓ
10101;3;MIRASOL
10101;4;CHINCHÍN
10101;5;INTENDENCIA
10101;6;PELLUCO
10101;7;ALERCE
10101;8;CORRENTOSO
10101;9;QUILLAIPE
10101;10;LENCA
10101;11;TENGLO
10101;12;MAILLÉN
10101;13;PANITAO
10101;14;EL GATO
10101;15;TEPUAL
10101;16;LAS QUEMAS
10101;17;LA PALOMA
10101;18;MATADERO
10102;1;CHALLAHUE
10102;2;AGUANTAO
10102;3;GUAYÚN
10102;4;RÍO TAMBOR
10102;5;SAN RAFAEL
10102;6;EL ROSARIO
10102;7;QUETRULAUQUÉN
10102;8;ALFARO
10102;9;CHUCAHUE
10102;10;PULUQUI
10102;11;MACHILDAD
10102;12;LLAICHA
10102;13;CHECHIL
10102;14;CALBUCO
10102;15;CAICAÉN
10102;16;SAN JOSÉ DE QUIGUA
10102;17;QUENU
10102;18;CHIDGUAPI
10102;19;TABÓN
10102;20;QUEULLÍN
10103;1;COCHAMÓ
10103;2;PASO EL LEÓN
10103;3;PUELO
10103;4;SEGUNDO CORRAL
10103;5;YATES
10104;1;FRESIA
10104;2;LA COSTA
10104;3;TEGUALDA
10104;4;CAÑAL
10104;5;PARGA
10104;6;LLICO
10105;1;FRUTILLAR
10105;2;PARAGUAY
10105;3;CASMA
10105;4;LOS BAJOS
10106;1;LOS MUERMOS
10106;2;LOS OSTIONES
10106;3;CARACOL
10106;4;CORDILLERA DEL ZARAO
10106;5;ÑADI
10106;6;RÍO FRÍO
10106;7;CULULIL
10106;8;PALIHUE
10107;1;LLANQUIHUE
10107;2;IANSA
10107;3;LONCOTORO
10107;4;COLEGUAL
10108;1;MAULLÍN
10108;2;QUENUIR
10108;3;LOLCURA
10108;4;MISQUIHUÉ
10108;5;OLMOPULLI
10108;6;CARIQUILDA
10108;7;CARELMAPU
10109;1;PUERTO VARAS
10109;2;NUEVA BRAUNAU
10109;3;PARAGUAY GRANDE
10109;4;SANTA MARÍA
10109;5;LA FÁBRICA
10109;6;LOS RISCOS
10109;7;ENSENADA
10109;8;PEULLA
10109;9;RALÚN
10201;1;CASTRO
10201;2;GAMBOA
10201;3;LLAULLAO
10201;4;PIRUQUINA
10201;5;SAN JOSÉ
10201;6;RILÁN
10201;7;CHELÍN
10201;8;QUEHUI
10201;9;YUTUY
10201;10;SAN PEDRO
10202;1;CUARTELES
10202;2;INTENDENCIA
10202;3;QUEMPILLÉN
10202;4;PUGUEÑÚN
10202;5;CHACAO
10202;6;PUMANZANO
10202;7;DEGAÑ
10202;8;PUNTRA
10202;9;COÍPOMO
10202;10;PILLUCO
10202;11;CALLE
10203;1;CHONCHI
10203;2;TEUPA
10203;3;TERAO
10203;4;NATRI
10203;5;HUILLINCO
10203;6;CUCAO
10203;7;NOTUÉ
10203;8;RAUCO
10203;9;CURACO
10204;1;CURACO DE VÉLEZ
10204;2;SAN JAVIER
10204;3;PALQUI
10205;1;DALCAHUE
10205;2;SAN PEDRO
10205;3;BUTALCURA
10205;4;SAN JUAN
10205;5;QUETALCO
10205;6;TENAÚN
10206;1;PUQUELDÓN
10206;2;ALDACHILDO
10206;3;ICHUAC
10206;4;DETIF
10207;1;QUEILÉN
10207;2;CENTINELA
10207;3;TRANQUI
10207;4;DETICO
10207;5;AGONI
10207;6;PAILDAD
10208;1;QUELLÓN
10208;2;HUILDAD
10208;3;CHADMO
10208;4;CATIAO
10208;5;CHAIGUATA
10208;6;ASASSAO
10208;7;GUAFO
10208;8;COLDITA
10208;9;LAITEC
10208;10;CAILÍN
10209;1;QUEMCHI
10209;2;LLIUCO
10209;3;AUCAR
10209;4;CAUCAHUÉ
10209;5;COLÚ
10209;6;TENAÚN
10209;7;MECHUQUE
10209;8;BUTACHAUQUES
10209;9;TAC
10210;1;ACHAO
10210;2;LLINGUA
10210;3;LINLÍN
10210;4;MEULÍN
10210;5;QUENAC
10210;6;CAGUACHE
10210;7;APIAO
10210;8;CHAULINEC
10210;9;ALAO
10210;10;QUINCHAO
10301;1;AMADOR BARRIENTOS
10301;2;CEMENTERIO MUNICIPAL
10301;3;PLAZA
10301;4;MUNICIPALIDAD
10301;5;RAHUE
10301;6;OVEJERÍA
10301;7;LAS QUEMAS
10301;8;PILAUCO
10301;9;MISIÓN DE CUINCO
10301;10;FORRAHUE
10301;11;CHACAYAL
10301;12;REMEHUE
10301;13;POLLOICO
10301;14;CHUYACA
10301;15;TACAMÓ
10301;16;PICHIL
10301;17;CANCURA
10301;18;CONCEPCION
10301;19;CEMENTERIO
10302;1;PUERTO OCTAY
10302;2;COIHUECO
10302;3;EL VOLCÁN
10302;4;EL ISLOTE
10303;1;PURRANQUE
10303;2;OROMO
10303;3;COÑICO
10303;4;CORTE ALTO
10303;5;MAIPUÉ
10303;6;HUEYUSCA
10303;7;RÍO BLANCO
10303;8;LOS PABILOS
10304;1;ENTRE LAGOS
10304;2;ANTILLANCA
10304;3;PICHIDAMAS
10304;4;LAGO RUPANCO
10305;1;RÍO NEGRO
10305;2;TRES ESTEROS
10305;3;HUILMA
10305;4;CAIPULLI
10305;5;CHAHUILCO
10305;6;RIACHUELO
10306;1;SAN JUAN DE LA COSTA
10306;2;LOMA DE LA PIEDRA
10306;3;BOCA DEL RÍO BUENO
10306;4;PUAUCHO
10306;5;PUCATRIHUE
10307;1;SAN PABLO
10307;2;SANTA ROSA
10307;3;PUTABLA
10307;4;SUCUTUY
10307;5;COLHUE
10307;6;ROSARIO DE LAS ÁNIMAS
10307;7;BELLAVISTA
10307;8;QUILACAHUÍN
10307;9;TRUMAO
10307;10;CARACOL
10307;11;DOLLINCO
10307;12;JUNCOS
10401;1;CHAITÉN
10401;2;CHUMELDÉN
10401;3;AYACARA
10401;4;LAGO YELCHO
10401;5;CHULÍN
10401;6;TALCÁN
10401;7;DESERTORES
10401;8;CHUIT
10401;9;RIÑIHUE
10402;1;FUTALEUFÚ
10402;2;RÍO AZULADO
10402;3;RÍO CHICO
10403;1;CONTAO
10403;2;LLEGUIMÁN
10403;3;HUALAIHUÉ
10403;4;RÍO NEGRO
10403;5;ISLA LLANCAHUE
10403;6;RÍO VODUDAHUE
10404;1;PALENA
10404;2;EL TRANQUILO
10404;3;EL MALITO
10404;4;LAGO YELCHO
11101;1;COYHAIQUE
11101;2;MANO NEGRA
11101;3;ÑIREGUAO
11101;4;LAGO POLLUX
11101;5;BALMACEDA
11101;6;LAGO ELIZALDE
11101;7;RÍO SIMPSON
11101;8;LAGO CARO
11101;9;LAGO PEDRO AGUIRRE CERDA
11101;10;RÍO CLARO
11101;11;LAS BANDURRIAS
11101;12;CERRO DIVISADERO
11101;13;ESTERO LA CRUZ
11102;1;LAGO VERDE
11102;2;RÍOS DE LOS NEVADOS
11102;3;LOMA BAJA
11102;4;LA TAPERA
11102;5;CISNES MEDIO
11201;1;PUERTO AYSÉN
11201;2;MAÑIGUALES
11201;3;FARELLONES
11201;4;VALLE LOS LAGOS
11201;5;SAN RAFAEL
11201;6;LAS HUICHAS
11201;7;PUERTO CHACABUCO
11202;1;PUERTO CISNES
11202;2;LAGO ROSSELOT
11202;3;LAGO PRESIDENTE ROOSEVELT
11202;4;LOS CHONOS
11202;5;CORCOVADO
11202;6;ISLA TANGBAC
11203;1;GUAITECAS
11301;1;RÍO CHACABUCO
11301;2;LAGO COCHRANE
11301;3;VALLE COLONIA
11301;4;RÍO NEFF
11301;5;LAGO VARGAS
11301;6;RÍO DE LOS ÑADIS
11301;7;VENTISQUERO
11302;1;RIO BRAVO
11302;2;CANDELARIO MANSILLA
11302;3;RIO VENTISQUERO
11302;4;VILLA O'HIGGINS
11303;1;TORTEL
11401;1;CHILE CHICO
11401;2;GUADAL
11401;3;LAGO BERTRAND
11401;4;RÍO LEÓN
11401;5;FACHINAL
11402;1;PUERTO IBÁÑEZ
11402;2;LAS MINAS
11402;3;LAGO  LAPPARENT
11402;4;CERRO CAJÓN
11402;5;ANTOLÍN SILVA
11402;6;PUERTO RÍO TRANQUILO
11402;7;MURTA
12101;1;PUNTA ARENOSA
12101;2;BARRIO YUGOSLAVO
12101;3;GOBERNADOR VIEL
12101;4;BARRIO PRAT
12101;5;CENTRO
12101;6;PUDETO
12101;7;BARRIO SUR
12101;8;DIECIOCHO DE SEPTIEMBRE
12101;9;KON-AIKEN
12101;10;LAS MINAS
12101;11;RÍO GRANDE
12101;12;AGUA FRESCA
12101;13;SILVA PALMA
12101;14;ISLA DAWSON
12101;15;ISLA CLARENCE
12102;1;LAGUNA BLANCA
12103;1;CRUZ DEL SUR
12103;2;ISLA RIESCO
12104;1;SAN GREGORIO
12104;2;FENTON
12201;1;ISLA NAVARINO
12201;2;HOSTE
12201;3;DARWIN
12202;1;PILOTO PARDO
12202;2;TIERRA DE O'HIGGINS
12301;1;PORVENIR
12301;2;CALETA JOSEFINA
12301;3;SAN SEBASTIÁN
12302;1;CERRO SOMBRERO
12302;2;BAHÍA FELIPE
12303;1;TIMAUKEL
12401;1;NATALES
12401;2;LAGO ANÍBAL PINTO
12401;3;MUÑOZ GAMERO
12401;4;PUERTO EDÉN
12401;5;CUEVA DEL MILODÓN
12402;1;CERRO CASTILLO
12402;2;TORRES DEL PAINE
13101;1;HUELÉN
13101;2;MONEDA
13101;3;AMUNÁTEGUI
13101;4;BRASIL
13101;5;CHACABUCO
13101;6;PORTALES
13101;7;MATUCANA
13101;8;SAN SATURNINO
13101;9;MAPOCHO
13101;10;VICUÑA MACKENNA
13101;11;SAN ISIDRO
13101;12;UNIVERSIDAD
13101;13;ALMAGRO
13101;14;PORVENIR
13101;15;SAN DIEGO
13101;16;SANTA ELENA
13101;17;CARMEN
13101;18;VICTORIA
13101;19;VALPARAÍSO
13101;20;FRANKLIN
13101;21;MATADERO
13101;22;PARQUE O´HIGGINS
13101;23;CLUB HÍPICO
13101;24;SAN EUGENIO
13101;25;EXPOSICIÓN
13101;26;SAN ALFONSO
13101;27;AVENIDA ESPAÑA
13101;28;EJÉRCITO
13101;29;QUINTA NORMAL
13102;1;CERRILLOS
13102;2;VILLA MÉXICO
13102;3;DIVINO MAESTRO
13102;4;LO ERRÁZURIZ
13103;1;CERRO NAVIA
13103;2;JANEQUEO
13103;3;JOSÉ JOAQUÍN PÉREZ
13103;4;POBLACIÓN ROOSEVELT
13103;5;DALMACIA
13103;6;EL MONTIJO
13103;7;VIOLETA PARRA
13103;8;VICTORIA
13103;9;RÍO VIEJO
13104;1;CONCHALÍ
13104;2;JUANITA AGUIRRE
13104;3;POMAIRE
13104;4;ENEAS GONEL
13104;5;LA PALMA
13104;6;MONTERREY
13104;7;EL CORTIJO
13104;8;LUTHER KING
13104;9;MUNICIPALIDAD
13104;10;EL COMENDADOR
13105;1;EL BOSQUE
13105;2;LAGOS DE CHILE
13105;3;CAPITÁN ÁVALOS
13105;4;SARGENTO ALDEA
13105;5;AVIADORES
13105;6;SANTA ELENA
13105;7;EL ALMENDRO
13105;8;LEÓN XIII
13105;9;LOS CÓNDORES
13105;10;LAS PARCELAS
13106;1;ESTACIÓN CENTRAL
13106;2;MAESTRANZA
13106;3;HERMANOS CARRERA
13106;4;NOGALES
13106;5;LA ARAUCANA
13106;6;INFANTE CERDA
13106;7;CHUCHUNCO
13106;8;LAS PARCELAS
13106;9;LAS REJAS
13106;10;PILA DEL GANSO
13106;11;ECUADOR
13106;12;UNIVERSIDAD TÉCNICA
13106;13;BERNAL DEL MERCADO
13106;14;AEROPUERTO
13107;1;HUECHURABA
13107;2;LA PINCOYA
13107;3;AVENIDA PRINCIPAL
13107;4;REPÚBLICA DE FRANCIA
13107;5;LA PIRÁMIDE
13107;6;PARQUE DEL RECUERDO
13108;1;INDEPENDENCIA
13108;2;JUAN ANTONIO RÍOS
13108;3;MIRAFLORES
13108;4;HIPÓDROMO
13108;5;SANTA LAURA
13108;6;EL MOLINO
13108;7;ESCUELA DE MEDICINA
13109;1;LA CISTERNA
13109;2;OCHAGAVÍA
13109;3;LO OVALLE
13109;4;EL PARRÓN
13109;5;VICUÑA MACKENNA
13109;6;LA CULTURA
13110;1;MUNICIPALIDAD
13110;2;BALNEARIO MUNICIPAL
13110;3;GERÓNIMO DE ALDERETE
13110;4;ROJAS MAGALLANES
13110;5;DEPARTAMENTAL
13110;6;WALKER MARTÍNEZ
13110;7;CANAL LAS PERDICES
13110;8;SANTA JULIA
13110;9;SANTA INÉS
13110;10;SANTA AMALIA
13110;11;SAN JORGE
13110;12;SAN PEDRO
13110;13;MARÍA ELENA
13110;14;POZO ARENERO
13110;15;SAN JOSÉ DE LA ESTRELLA
13110;16;GENERAL ARRIAGADA
13110;17;AVENIDA TRINIDAD
13110;18;PUNTA ARENAS
13110;19;MANUTARA
13110;20;SÓTERO DEL RÍO
13110;21;LÍA AGUIRRE
13111;1;LA GRANJA
13111;2;SAN GREGORIO PONIENTE
13111;3;MALAQUÍAS CONCHA
13111;4;AVENIDA CENTRAL
13111;5;PARQUE INTERCOMUNAL
13111;6;SAN GREGORIO ORIENTE
13111;7;SAN JOSÉ DE LA ESTRELLA
13111;8;SANTA ROSA
13112;1;MAPUHUÉ
13112;2;SAN RICARDO
13112;3;PABLO DE ROKHA
13112;4;ANTUMAPU
13112;5;LA PLATINA
13112;6;REY DON FELIPE
13112;7;VICENTE LLANOS
13112;8;LA PRIMAVERA
13113;1;LARRAÍN
13113;2;LYNCH NORTE
13113;3;PRÍNCIPE DE GALES
13113;4;PARQUE LA QUINTRALA
13113;5;PLAZA OSSANDÓN
13113;6;LA REINA
13113;7;AERÓDROMO TOBALABA
13114;1;ESCUELA MILITAR
13114;2;ESTADIO PALESTINO
13114;3;HOSPITAL FACH
13114;4;LAS CONDES
13114;5;ESTADIO ITALIANO
13114;6;LOS DOMÍNICOS
13114;7;CERRO APOQUINDO
13114;8;CHAPIQUIÑA
13114;9;EL PILLÁN
13114;10;SEBASTIÁN EL CANO
13114;11;ESTADIO ESPAÑOL
13114;12;VATICANO
13114;13;CERRO SAN LUIS
13114;14;HOSPITAL DE CARABINEROS
13114;15;SAN CARLOS DE APOQUINDO
13114;16;CERRO CALÁN
13115;1;LA DEHESA
13115;2;EL ARRAYÁN
13115;3;FARELLONES
13115;4;LO BARNECHEA
13116;1;LO ESPEJO
13116;2;LAS TORRES
13116;3;POBLACIÓN CARO SUR
13116;4;POBLACIÓN CARO NORTE
13116;5;QUIRIQUINA
13116;6;CARLOS DITTBORN
13116;7;CLARA ESTRELLA
13117;1;LO PRADO
13117;2;BLANQUEADO
13117;3;TERRITORIO ANTÁRTICO
13117;4;CALIFORNIA
13117;5;OSCAR BONILLA
13117;6;COSTA RICA
13117;7;NEPTUNO
13118;1;LO PLAZA
13118;2;MACUL
13118;3;PEDREROS
13118;4;CAMINO AGRÍCOLA
13118;5;VILLA SANTA CAROLINA
13118;6;IGNACIO CARRERA PINTO
13119;1;CINCO DE ABRIL
13119;2;LOS LIBERTADORES
13119;3;RAMÓN FREIRE
13119;4;FERIA INTERNACIONAL
13119;5;LAS INDUSTRIAS
13119;6;SAN MARTÍN
13119;7;MAIPÚ PONIENTE
13119;8;PORTALES
13119;9;TEMPLO VOTIVO
13119;10;O´HIGGINS
13119;11;LAS HERAS
13119;12;BLANCO ENCALADA
13119;13;LA RINCONADA
13119;14;LAS LOMAS
13119;15;ESQUINA BLANCA
13119;16;NUEVA SAN MARTÍN
13119;17;SAN JOSÉ
13119;18;EL CARMEN
13119;19;EL BOSQUE
13119;20;LOS PAJARITOS
13119;21;LAS PARCELAS
13119;22;SIMÓN BOLIVAR
13119;23;CIUDAD SATÉLITE
13120;1;SIMÓN BOLIVAR
13120;2;PUCARÁ
13120;3;PLAZA LOS GUINDOS
13120;4;CHACRA VALPARAÍSO
13120;5;PLAZA ÑUÑOA
13120;6;SANTA JULIA
13120;7;PLAZA ZAÑARTU
13120;8;ESTADIO NACIONAL
13120;9;PISCINA MUNDT
13120;10;CRESCENTE ERRÁZURIZ
13120;11;HOSPITAL DE CARABINEROS
13121;1;LA VICTORIA
13121;2;ESTADIO YARUR
13121;3;LA MARINA
13121;4;MIGUEL DÁVILA
13121;5;LA FERIA
13121;6;LO VALLEDOR NORTE
13121;7;LO VALLEDOR SUR
13121;8;NAVIDAD
13122;1;JOSÉ ARRIETA
13122;2;PEÑALOLÉN
13122;3;LO HERMIDA
13122;4;TORRES DE MACUL
13122;5;VIÑA MACUL
13122;6;VILLA LOS LAGOS
13122;7;AVENIDA PARQUE
13122;8;QUEBRADA CAMARONES
13122;9;DIAGONAL LAS TORRES
13122;10;GABRIELA MISTRAL
13122;11;SIMÓN BOLIVAR
13123;1;CONDELL
13123;2;PEDRO DE VALDIVIA
13123;3;LOS LEONES
13123;4;POCURO
13123;5;DIEGO DE ALMAGRO
13123;6;PARQUE BUSTAMANTE
13123;7;PEDRO DE VALDIVIA NORTE
13123;8;HOSPITAL MILITAR
13124;1;MUNICIPALIDAD
13124;2;EMBALSE LO PRADO
13124;3;BARRANCAS
13124;4;LA ESTRELLA
13124;5;ESTRELLA DE CHILE
13124;6;SANTA CORINA
13124;7;LO AGUIRRE
13124;8;PUDAHUEL
13124;9;FEDERICO ERRÁZURIZ
13124;10;SAN DANIEL
13125;1;QUILICURA
13125;2;LO ECHEVERS
13125;3;SAN IGNACIO
13125;4;MANUEL ANTONIO MATTA
13126;1;MUNICIPALIDAD
13126;2;CARRASCAL
13126;3;YUNGAY
13126;4;VILLA SANA
13126;5;QUIDORA
13126;6;MERCURIO
13126;7;CÓNSUL POINSETT
13126;8;CATAMARCA
13126;9;FRONTERA
13127;1;RECOLETA
13127;2;CERRO BLANCO
13127;3;CEMENTERIO GENERAL
13127;4;LO ARÁNGUIZ
13127;5;SALZBURGO
13127;6;CEMENTERIO ISRAELITA
13127;7;QUINTA BELLA
13127;8;CEMENTERIO CATÓLICO
13127;9;REGIMIENTO BUIN
13127;10;CERRO SAN CRISTÓBAL
13127;11;EMILIANO ZAPATA
13127;12;ARCO IRIS
13127;13;EL SALTO
13128;1;RENCA
13128;2;LO RUIZ
13128;3;JOSÉ MIGUEL CARRERA
13128;4;SANTA MARÍA
13128;5;PLANTA ELÉCTRICA
13128;6;JOSÉ MIGUEL INFANTE
13128;7;EL PEREJIL
13128;8;CERRO COLORADO
13128;9;CHUNGARÁ
13128;10;CLOTARIO BLEST
13129;1;SAN JOAQUÍN
13129;2;EL PINAR
13129;3;EDWARDS BELLO NORTE
13129;4;EDWARDS BELLO SUR
13129;5;LA CASTRINA
13129;6;PEDRO MIRA
13129;7;LAS INDUSTRIAS
13130;1;BARROS LUCO
13130;2;LO VIAL
13130;3;LO MENA
13130;4;ATACAMA
13130;5;SALESIANOS
13130;6;EL LLANO
13130;7;CIUDAD DEL NIÑO
13131;1;POBLACIÓN MODELO
13131;2;LAS AMÉRICAS
13131;3;PARAGUAY
13131;4;GENERAL KÖRNER
13131;5;LA BANDERA
13131;6;SAN RAMÓN
13131;7;PARQUE LA BANDERA
13132;1;NACIONES UNIDAS
13132;2;ESTADIO MANQUEHUE
13132;3;LO CURRO
13132;4;CLUB DE GOLF
13132;5;VITACURA
13201;1;PUENTE ALTO
13201;2;EL PERAL
13201;3;LAS VIZCACHAS
13201;4;REGIMIENTO
13201;5;BAJOS DE MENA
13201;6;TOCORNAL
13201;7;GABRIELA
13201;8;SAN CARLOS
13201;9;SÓTERO DEL RIO
13201;10;LOS JARDINES
13201;11;EL LABRADOR
13201;12;LOS TOROS
13201;13;ARTURO PRAT
13201;14;EJÉRCITO LIBERTADOR
13201;15;TENIENTE BELLO
13201;16;PORVENIR
13201;17;PADRE HURTADO
13201;18;AVENIDA CHILOÉ
13201;19;LAS NIEVES ORIENTE
13202;1;PIRQUE
13202;2;SANTA RITA
13202;3;EL PRINCIPAL
13203;1;SAN JOSÉ
13203;2;RÍO COLORADO
13203;3;SAN GABRIEL
13203;4;QUELTEHUES
13203;5;EL INGENIO
13203;6;EL CANELO
13301;1;COLINA
13301;2;CHICUREO
13301;3;ALGARROBAL
13301;4;PELDEHUE
13301;5;CHACABUCO
13301;6;COLINA ORIENTE
13302;1;LAMPA
13302;2;CHICAUMA
13302;3;BATUCO
13302;4;LA VILANA
13302;5;LIPANGUE
13303;1;TILTIL
13303;2;POLPAICO
13303;3;MONTENEGRO
13303;4;RUNGUE
13303;5;CALEU
13401;1;O'HIGGINS
13401;2;ESCUELA DE INFANTERÍA
13401;3;CALDERÓN DE LA BARCA
13401;4;SANTA MARTA
13401;5;HOSPITAL
13401;6;CERRO NEGRO
13401;7;MAESTRANZA
13401;8;NOS
13401;9;NOGALES
13401;10;TEJAS DE CHENA
13401;11;CHENA
13401;12;LO HERRERA
13401;13;ESTACIÓN
13401;14;LOS MORROS
13402;1;BUIN
13402;2;ALTO JAHUEL
13402;3;LINDEROS
13402;4;MAIPO
13402;5;VALDIDIA DE PAINE
13402;6;EL RECURSO
13403;1;CALERA DE TANGO
13403;2;SAN AGUSTÍN
13403;3;SANTA INÉS
13403;4;CALERA DE TANGO SUR
13403;5;BAJOS DE SAN AGUSTÍN
13404;1;PAINE
13404;2;HUELQUÉN
13404;3;HOSPITAL
13404;4;ACULEO
13404;5;CHADA
13404;6;PAINE SUR
13404;7;EL TRÁNSITO
13404;8;CHAMPA
13404;9;ABRANTES
13501;1;MELIPILLA PONIENTE
13501;2;MELIPILLA ORIENTE
13501;3;CHOCALÁN
13501;4;CHOLQUI
13501;5;LOS GUINDOS
13501;6;MAITENES
13501;7;CULIPRÁN
13501;8;HUECHÚN
13501;9;LUMBRERA
13501;10;SAN JOSÉ
13501;11;MALLARAUCO
13501;12;POMAIRE
13501;13;PUANGUE PONIENTE
13501;14;CEMENTERIO
13501;15;CODIGUA
13501;16;BOLLENAR
13501;17;SAN BERNARDO
13502;1;VILLA ALHUÉ
13502;2;TORO
13502;3;POLULO
13502;4;YERBAS BUENAS
13502;5;CARÉN
13503;1;CURACAVÍ
13503;2;MIRAFLORES
13503;3;LO PRADO
13503;4;ZAPATA
13503;5;CARÉN
13503;6;CURACAVÍ SUR
13503;7;LOLENCO
13503;8;ALHUÉ
13504;1;MARÍA PINTO
13504;2;LO OVALLE
13504;3;CHOROMBO
13504;4;IBACACHE
13504;5;EL PARRÓN
13505;1;SAN PEDRO
13505;2;LONGOVILO
13505;3;SANTA ROSA
13505;4;LOICA
13505;5;CORNECHE
13505;6;NIHUE
13601;1;ESTACIÓN
13601;2;EL OLIVETO
13601;3;TREBULCO
13601;4;ENTRERRÍOS
13602;1;EL MONTE
13602;2;CHIÑIHUE
13602;3;EL PAICO
13603;1;RECREO
13603;2;ISLA DE MAIPO
13603;3;ROSARIO
13603;4;NALTAGUA
13603;5;SAN ANTONIO DE NALTAGUA
13604;1;CASA DE EJERCICIOS
13604;2;ESPERANZA
13604;3;PADRE HURTADO
13604;4;VILLA LOS SILOS
13604;5;EL TREBAL
13605;1;PEÑAFLOR
13605;2;MALLOCO
13605;3;CAUPOLICÁN
14101;1;CAMILO HENRÍQUEZ
14101;2;ISLA TEJA
14101;3;MERCEDES
14101;4;LAS ÁNIMAS
14101;5;ESTACIÓN
14101;6;HUELLELHUE
14101;7;TENIENTE MERINO
14101;8;LAS MULATAS
14101;9;PANTANO
14101;10;AGUIRRE
14101;11;PICHOY
14101;12;MOLCO
14101;13;PISHUINCO
14101;14;SANTO DOMINGO
14101;15;GUACAMAYO
14101;16;ESTANCILLA
14101;17;NIEBLA
14101;18;CURIÑANCO
14101;19;TAMBILLO
14102;1;CORRAL
14102;2;ISLA DEL REY
14102;3;TRES BOCAS
14102;4;CHAIHUÍN
14103;1;LANCO
14103;2;QUILCHE
14103;3;MALALHUE
14103;4;EL ARCO
14103;5;HUENUYE
14103;6;QUILQUIL
14103;7;PEÑEHUE
14104;1;COLLILEUFU
14104;2;TOMÉN
14104;3;MALIHUE
14104;4;RIÑIHUE
14104;5;PICHICO
14104;6;EL TRÉBOL
14104;7;QUILQUILCO
14104;8;ENCO
14104;9;QUILAHUENTRU
14104;10;HUITE
14104;12;FOLILCO
14105;1;MÁFIL
14105;2;CHIGUAO
14105;3;MILLAHUILLÍN
14105;4;HUICHACO
14105;5;MULPÚN
14106;1;SAN JOSÉ
14106;2;LINGUE
14106;3;CIRUELOS
14106;4;MELIQUINA
14106;5;PELCHUQUÍN
14106;6;CRUCES
14106;7;YECO
14107;1;LOS ULMOS
14107;2;PULICÁN
14107;3;PAILLACO
14107;4;ITROPULLI
14107;5;REUMÉN
14108;1;PANGUIPULLI
14108;2;PANGUILELFÚN
14108;3;CALAFQUÉN
14108;4;MELEFQUÉN
14108;5;COÑARIPE
14108;6;LIQUIÑE
14108;7;CHOSHUENCO
14108;8;COIHUECO
14108;9;EL DESAGÜE
14108;10;CORRELTUÉ
14108;11;NELTUME
14108;12;RÍO HUAHUM
14201;1;LA UNIÓN
14201;2;CUDICO
14201;3;CUNCOS
14201;4;EL PELIGRO
14201;5;CENTINELA
14201;6;GUACAHUE
14201;7;ROFUCO
14201;8;LOS CHILCOS
14201;9;TRAIGUÉN
14202;1;FUTRONO
14202;2;HUITE
14202;3;LLIFÉN
14202;4;LONCOPÁN
14202;5;QUIMÁN
14202;6;MAIHUÉ
14203;1;LAGO RANCO
14203;2;RIÑINAHUE
14203;3;IGNAO
14203;4;LAGO MAIHUÉ
14203;5;RUPUMEICA
14204;1;RÍO BUENO
14204;2;PURRIHUÍN
14204;3;PAILLAHUE
14204;5;LICÁN
14204;6;PUYEHUE
14204;7;COCULE
14204;8;CAYURRUCA
14204;9;VIVANCO
14204;10;SAN PABLO
14204;11;MAIHUE
15101;1;PUERTO
15101;2;REGIMIENTO
15101;3;CHINCHORRO
15101;4;SAN JOSÉ
15101;5;POBLACIÓN CHILE
15101;6;AZAPA
15101;7;JOSE MANUEL BALMACEDA
15101;8;CARLOS DITTBORN
15101;9;PARQUE LAUCA
15101;10;JOSE MIGUEL CARRERA
15101;11;CONDELL
15101;12;FUERTE CIUDADELA
15101;13;CHACA
15101;14;EL MORRO
15101;15;CHACALLUTA
15101;16;MOLINOS
15101;17;PEDRO BLANQUIER
15101;18;CANCHA RAYADA
15101;19;LAS TORRES
15102;1;CODPA
15102;2;CARITAYA
15102;3;ESQUIÑA
15102;4;CAMARONES
15102;5;CUYA
15201;1;PUTRE
15201;2;CAQUENA
15201;3;PARINACOTA
15201;4;SOCOROMA
15201;5;BELÉN
15201;6;LAUCA
15201;7;TIGNAMAR
15201;8;SURIRE
15201;9;ITIZA
15202;1;VISVIRI
15202;2;NASAHUENTO
15202;3;CORONEL ALCÉRRECA
15202;4;TACORA
